{
  "type": "FeatureCollection",
  "features": [
    {
      "type": "Feature",
      "properties": {
        "FID": 1,
        "NAME": "张家堡街道",
        "code": "610112001000",
        "PAC": "610112",
        "省": "陕西省",
        "省代码": "610000",
        "市": "西安市",
        "市代码": "610100",
        "类型": "乡镇",
        "grade": 4,
        "layer": "乡镇"
      },
      "geometry": {
        "type": "Polygon",
        "coordinates": [
          [
            [
              108.785779,
              34.310744
            ],
            [
              108.7858,
              34.310363
            ],
            [
              108.7858,
              34.310283
            ],
            [
              108.785792,
              34.310201
            ],
            [
              108.78579,
              34.310204
            ],
            [
              108.78579,
              34.309763
            ],
            [
              108.785808,
              34.309005
            ],
            [
              108.785849,
              34.307975
            ],
            [
              108.785857,
              34.307363
            ],
            [
              108.788169,
              34.307363
            ],
            [
              108.788181,
              34.307321
            ],
            [
              108.788179,
              34.307321
            ],
            [
              108.788198,
              34.307263
            ],
            [
              108.788204,
              34.307144
            ],
            [
              108.788212,
              34.306967
            ],
            [
              108.78826,
              34.306003
            ],
            [
              108.790859,
              34.306038
            ],
            [
              108.791505,
              34.302759
            ],
            [
              108.791017,
              34.302693
            ],
            [
              108.791178,
              34.301487
            ],
            [
              108.791269,
              34.300736
            ],
            [
              108.791929,
              34.300725
            ],
            [
              108.792047,
              34.298246
            ],
            [
              108.792045,
              34.298246
            ],
            [
              108.792047,
              34.298243
            ],
            [
              108.790647,
              34.298197
            ],
            [
              108.788727,
              34.298175
            ],
            [
              108.788735,
              34.298068
            ],
            [
              108.788906,
              34.29607
            ],
            [
              108.787587,
              34.29657
            ],
            [
              108.787573,
              34.295137
            ],
            [
              108.786836,
              34.295127
            ],
            [
              108.786836,
              34.295128
            ],
            [
              108.786699,
              34.295126
            ],
            [
              108.786785,
              34.293464
            ],
            [
              108.786844,
              34.293173
            ],
            [
              108.786836,
              34.293173
            ],
            [
              108.786621,
              34.293158
            ],
            [
              108.786466,
              34.293145
            ],
            [
              108.786535,
              34.292812
            ],
            [
              108.786621,
              34.292518
            ],
            [
              108.786734,
              34.29213
            ],
            [
              108.786849,
              34.291842
            ],
            [
              108.787007,
              34.291824
            ],
            [
              108.787058,
              34.29117
            ],
            [
              108.788764,
              34.291297
            ],
            [
              108.789263,
              34.289264
            ],
            [
              108.791192,
              34.289515
            ],
            [
              108.791325,
              34.289169
            ],
            [
              108.791323,
              34.289169
            ],
            [
              108.79139,
              34.288992
            ],
            [
              108.791427,
              34.288897
            ],
            [
              108.791457,
              34.288815
            ],
            [
              108.791459,
              34.288815
            ],
            [
              108.791535,
              34.288622
            ],
            [
              108.793455,
              34.288921
            ],
            [
              108.793477,
              34.288815
            ],
            [
              108.793479,
              34.288815
            ],
            [
              108.793584,
              34.288347
            ],
            [
              108.794332,
              34.288456
            ],
            [
              108.794349,
              34.288992
            ],
            [
              108.794351,
              34.289032
            ],
            [
              108.795121,
              34.289143
            ],
            [
              108.795164,
              34.288992
            ],
            [
              108.795183,
              34.28893
            ],
            [
              108.795682,
              34.288992
            ],
            [
              108.797098,
              34.289169
            ],
            [
              108.797095,
              34.289169
            ],
            [
              108.797607,
              34.289233
            ],
            [
              108.797771,
              34.289253
            ],
            [
              108.797798,
              34.289169
            ],
            [
              108.797838,
              34.289047
            ],
            [
              108.797849,
              34.288992
            ],
            [
              108.798417,
              34.286452
            ],
            [
              108.798439,
              34.286426
            ],
            [
              108.799885,
              34.286417
            ],
            [
              108.800499,
              34.286423
            ],
            [
              108.800515,
              34.285725
            ],
            [
              108.801481,
              34.285821
            ],
            [
              108.801644,
              34.284974
            ],
            [
              108.799024,
              34.284717
            ],
            [
              108.799563,
              34.283305
            ],
            [
              108.800046,
              34.282479
            ],
            [
              108.800421,
              34.28196
            ],
            [
              108.79904,
              34.281863
            ],
            [
              108.798769,
              34.281825
            ],
            [
              108.798939,
              34.280092
            ],
            [
              108.798938,
              34.280092
            ],
            [
              108.798957,
              34.279914
            ],
            [
              108.798973,
              34.279737
            ],
            [
              108.798974,
              34.279737
            ],
            [
              108.799013,
              34.279356
            ],
            [
              108.799273,
              34.278671
            ],
            [
              108.800662,
              34.278649
            ],
            [
              108.80066,
              34.277361
            ],
            [
              108.801105,
              34.277368
            ],
            [
              108.801121,
              34.277634
            ],
            [
              108.801872,
              34.277647
            ],
            [
              108.801896,
              34.278035
            ],
            [
              108.802854,
              34.278006
            ],
            [
              108.802945,
              34.277507
            ],
            [
              108.803956,
              34.277572
            ],
            [
              108.803962,
              34.277383
            ],
            [
              108.805389,
              34.277386
            ],
            [
              108.805389,
              34.276599
            ],
            [
              108.805544,
              34.276594
            ],
            [
              108.805544,
              34.276503
            ],
            [
              108.805954,
              34.27651
            ],
            [
              108.806003,
              34.276579
            ],
            [
              108.806016,
              34.276814
            ],
            [
              108.806131,
              34.276816
            ],
            [
              108.806137,
              34.277257
            ],
            [
              108.806719,
              34.277357
            ],
            [
              108.806767,
              34.277357
            ],
            [
              108.806783,
              34.277847
            ],
            [
              108.806987,
              34.277869
            ],
            [
              108.806995,
              34.278028
            ],
            [
              108.807003,
              34.278026
            ],
            [
              108.80776,
              34.278046
            ],
            [
              108.807784,
              34.278095
            ],
            [
              108.807867,
              34.278503
            ],
            [
              108.808277,
              34.278509
            ],
            [
              108.808339,
              34.278274
            ],
            [
              108.808431,
              34.278273
            ],
            [
              108.808594,
              34.278268
            ],
            [
              108.809811,
              34.278232
            ],
            [
              108.809822,
              34.278323
            ],
            [
              108.810112,
              34.278576
            ],
            [
              108.810359,
              34.278576
            ],
            [
              108.810587,
              34.27858
            ],
            [
              108.810579,
              34.27825
            ],
            [
              108.81086,
              34.278219
            ],
            [
              108.810882,
              34.277942
            ],
            [
              108.810573,
              34.277937
            ],
            [
              108.810565,
              34.277625
            ],
            [
              108.810622,
              34.277625
            ],
            [
              108.810627,
              34.277519
            ],
            [
              108.810565,
              34.277516
            ],
            [
              108.810557,
              34.277171
            ],
            [
              108.810469,
              34.277173
            ],
            [
              108.810471,
              34.277042
            ],
            [
              108.810554,
              34.27704
            ],
            [
              108.810552,
              34.276971
            ],
            [
              108.811716,
              34.276978
            ],
            [
              108.811697,
              34.276851
            ],
            [
              108.811694,
              34.27649
            ],
            [
              108.811861,
              34.276479
            ],
            [
              108.811885,
              34.275497
            ],
            [
              108.812048,
              34.275491
            ],
            [
              108.812051,
              34.275346
            ],
            [
              108.812317,
              34.275342
            ],
            [
              108.812309,
              34.274684
            ],
            [
              108.811963,
              34.274662
            ],
            [
              108.811914,
              34.273562
            ],
            [
              108.811013,
              34.273558
            ],
            [
              108.811018,
              34.273343
            ],
            [
              108.810994,
              34.273343
            ],
            [
              108.811,
              34.27313
            ],
            [
              108.811021,
              34.27313
            ],
            [
              108.811043,
              34.271853
            ],
            [
              108.810954,
              34.271847
            ],
            [
              108.810965,
              34.271361
            ],
            [
              108.811045,
              34.271359
            ],
            [
              108.811045,
              34.271015
            ],
            [
              108.810141,
              34.27102
            ],
            [
              108.810141,
              34.271013
            ],
            [
              108.810139,
              34.271013
            ],
            [
              108.810125,
              34.270836
            ],
            [
              108.810112,
              34.270659
            ],
            [
              108.810101,
              34.270506
            ],
            [
              108.810123,
              34.270056
            ],
            [
              108.810407,
              34.270047
            ],
            [
              108.810418,
              34.269584
            ],
            [
              108.810144,
              34.269573
            ],
            [
              108.810179,
              34.268788
            ],
            [
              108.81031,
              34.268786
            ],
            [
              108.8103,
              34.268637
            ],
            [
              108.810182,
              34.268653
            ],
            [
              108.808964,
              34.268624
            ],
            [
              108.808961,
              34.268422
            ],
            [
              108.808808,
              34.268432
            ],
            [
              108.808808,
              34.268433
            ],
            [
              108.808594,
              34.268446
            ],
            [
              108.808481,
              34.268453
            ],
            [
              108.808489,
              34.268398
            ],
            [
              108.808379,
              34.268407
            ],
            [
              108.808379,
              34.268404
            ],
            [
              108.80802,
              34.268424
            ],
            [
              108.80762,
              34.268453
            ],
            [
              108.807422,
              34.268453
            ],
            [
              108.807419,
              34.268189
            ],
            [
              108.807121,
              34.26818
            ],
            [
              108.807427,
              34.267923
            ],
            [
              108.807811,
              34.267394
            ],
            [
              108.808336,
              34.267072
            ],
            [
              108.808366,
              34.266631
            ],
            [
              108.805724,
              34.266613
            ],
            [
              108.805649,
              34.265618
            ],
            [
              108.805936,
              34.265547
            ],
            [
              108.805638,
              34.26333
            ],
            [
              108.806968,
              34.263353
            ],
            [
              108.807084,
              34.262497
            ],
            [
              108.807089,
              34.262497
            ],
            [
              108.8071,
              34.262419
            ],
            [
              108.807432,
              34.262399
            ],
            [
              108.807444,
              34.261934
            ],
            [
              108.807443,
              34.261934
            ],
            [
              108.807448,
              34.261757
            ],
            [
              108.807451,
              34.261697
            ],
            [
              108.807446,
              34.261579
            ],
            [
              108.807435,
              34.261307
            ],
            [
              108.8074,
              34.261307
            ],
            [
              108.807395,
              34.261185
            ],
            [
              108.807432,
              34.261178
            ],
            [
              108.807419,
              34.26087
            ],
            [
              108.80732,
              34.260859
            ],
            [
              108.807322,
              34.260679
            ],
            [
              108.807344,
              34.260269
            ],
            [
              108.807371,
              34.260267
            ],
            [
              108.807271,
              34.259216
            ],
            [
              108.807234,
              34.259214
            ],
            [
              108.807215,
              34.259023
            ],
            [
              108.807255,
              34.25903
            ],
            [
              108.807207,
              34.258504
            ],
            [
              108.807143,
              34.258471
            ],
            [
              108.807178,
              34.258021
            ],
            [
              108.807167,
              34.257549
            ],
            [
              108.807336,
              34.257445
            ],
            [
              108.807414,
              34.257407
            ],
            [
              108.807416,
              34.257363
            ],
            [
              108.807312,
              34.257356
            ],
            [
              108.807548,
              34.254709
            ],
            [
              108.807612,
              34.253769
            ],
            [
              108.807596,
              34.253709
            ],
            [
              108.805051,
              34.253796
            ],
            [
              108.805091,
              34.252676
            ],
            [
              108.805099,
              34.252499
            ],
            [
              108.8051,
              34.252499
            ],
            [
              108.805128,
              34.25178
            ],
            [
              108.805134,
              34.251242
            ],
            [
              108.80515,
              34.251257
            ],
            [
              108.806059,
              34.251849
            ],
            [
              108.806107,
              34.251838
            ],
            [
              108.806083,
              34.25053
            ],
            [
              108.8063,
              34.250532
            ],
            [
              108.806346,
              34.250523
            ],
            [
              108.807687,
              34.250461
            ],
            [
              108.808594,
              34.250481
            ],
            [
              108.810973,
              34.25053
            ],
            [
              108.810962,
              34.250896
            ],
            [
              108.811091,
              34.250902
            ],
            [
              108.811091,
              34.250985
            ],
            [
              108.811922,
              34.250965
            ],
            [
              108.812389,
              34.250982
            ],
            [
              108.813263,
              34.250991
            ],
            [
              108.814736,
              34.251018
            ],
            [
              108.814857,
              34.250519
            ],
            [
              108.814615,
              34.250501
            ],
            [
              108.814647,
              34.250248
            ],
            [
              108.815117,
              34.250251
            ],
            [
              108.81513,
              34.249683
            ],
            [
              108.815061,
              34.249679
            ],
            [
              108.815055,
              34.249253
            ],
            [
              108.815162,
              34.249257
            ],
            [
              108.816324,
              34.249251
            ],
            [
              108.818472,
              34.250947
            ],
            [
              108.819366,
              34.251657
            ],
            [
              108.819366,
              34.251656
            ],
            [
              108.81958,
              34.251827
            ],
            [
              108.820098,
              34.252239
            ],
            [
              108.820492,
              34.251193
            ],
            [
              108.820865,
              34.249967
            ],
            [
              108.821332,
              34.248739
            ],
            [
              108.821412,
              34.24877
            ],
            [
              108.821865,
              34.248852
            ],
            [
              108.822345,
              34.247295
            ],
            [
              108.823357,
              34.247457
            ],
            [
              108.823306,
              34.247748
            ],
            [
              108.825843,
              34.24824
            ],
            [
              108.825784,
              34.248448
            ],
            [
              108.825763,
              34.248683
            ],
            [
              108.826492,
              34.248807
            ],
            [
              108.826227,
              34.249883
            ],
            [
              108.828402,
              34.250308
            ],
            [
              108.828603,
              34.250342
            ],
            [
              108.828574,
              34.250503
            ],
            [
              108.83022,
              34.250836
            ],
            [
              108.830105,
              34.251239
            ],
            [
              108.829818,
              34.252492
            ],
            [
              108.830067,
              34.252528
            ],
            [
              108.830388,
              34.252575
            ],
            [
              108.831234,
              34.252694
            ],
            [
              108.831234,
              34.252676
            ],
            [
              108.831258,
              34.252499
            ],
            [
              108.83126,
              34.252499
            ],
            [
              108.831403,
              34.251497
            ],
            [
              108.831484,
              34.251002
            ],
            [
              108.831516,
              34.250836
            ],
            [
              108.832996,
              34.251029
            ],
            [
              108.833053,
              34.250767
            ],
            [
              108.835376,
              34.251235
            ],
            [
              108.835413,
              34.25151
            ],
            [
              108.835534,
              34.252499
            ],
            [
              108.835555,
              34.252676
            ],
            [
              108.835563,
              34.252729
            ],
            [
              108.836035,
              34.252749
            ],
            [
              108.836322,
              34.252751
            ],
            [
              108.836322,
              34.252676
            ],
            [
              108.836328,
              34.252499
            ],
            [
              108.836336,
              34.252246
            ],
            [
              108.83725,
              34.252262
            ],
            [
              108.837197,
              34.252676
            ],
            [
              108.836953,
              34.254596
            ],
            [
              108.837111,
              34.254629
            ],
            [
              108.838015,
              34.254789
            ],
            [
              108.840094,
              34.255175
            ],
            [
              108.840091,
              34.255221
            ],
            [
              108.841338,
              34.255514
            ],
            [
              108.841553,
              34.255565
            ],
            [
              108.843363,
              34.255988
            ],
            [
              108.843444,
              34.256004
            ],
            [
              108.844042,
              34.25462
            ],
            [
              108.844216,
              34.25415
            ],
            [
              108.844597,
              34.254164
            ],
            [
              108.848918,
              34.254175
            ],
            [
              108.848931,
              34.25453
            ],
            [
              108.848653,
              34.254549
            ],
            [
              108.848658,
              34.255654
            ],
            [
              108.848594,
              34.25699
            ],
            [
              108.849685,
              34.25703
            ],
            [
              108.849672,
              34.257081
            ],
            [
              108.849674,
              34.257285
            ],
            [
              108.849658,
              34.257764
            ],
            [
              108.849637,
              34.259214
            ],
            [
              108.84964,
              34.259256
            ],
            [
              108.849768,
              34.259101
            ],
            [
              108.850189,
              34.258367
            ],
            [
              108.850726,
              34.257968
            ],
            [
              108.850747,
              34.258385
            ],
            [
              108.850747,
              34.260127
            ],
            [
              108.850798,
              34.260132
            ],
            [
              108.85079,
              34.260333
            ],
            [
              108.850747,
              34.260331
            ],
            [
              108.850747,
              34.260863
            ],
            [
              108.849648,
              34.260706
            ],
            [
              108.849656,
              34.261757
            ],
            [
              108.849661,
              34.263226
            ],
            [
              108.851611,
              34.263277
            ],
            [
              108.851608,
              34.263359
            ],
            [
              108.852231,
              34.263406
            ],
            [
              108.852215,
              34.264148
            ],
            [
              108.852059,
              34.264148
            ],
            [
              108.852059,
              34.264304
            ],
            [
              108.851466,
              34.264312
            ],
            [
              108.85148,
              34.264552
            ],
            [
              108.850836,
              34.26455
            ],
            [
              108.850688,
              34.264545
            ],
            [
              108.850557,
              34.264547
            ],
            [
              108.850565,
              34.264962
            ],
            [
              108.850603,
              34.265137
            ],
            [
              108.850565,
              34.265148
            ],
            [
              108.850584,
              34.266389
            ],
            [
              108.849613,
              34.266383
            ],
            [
              108.849613,
              34.267201
            ],
            [
              108.850281,
              34.26719
            ],
            [
              108.850329,
              34.267192
            ],
            [
              108.851292,
              34.266762
            ],
            [
              108.852539,
              34.266744
            ],
            [
              108.854588,
              34.266706
            ],
            [
              108.854567,
              34.26785
            ],
            [
              108.854553,
              34.268959
            ],
            [
              108.853848,
              34.268934
            ],
            [
              108.853824,
              34.270477
            ],
            [
              108.854092,
              34.270486
            ],
            [
              108.854097,
              34.270659
            ],
            [
              108.854103,
              34.270836
            ],
            [
              108.854108,
              34.270916
            ],
            [
              108.854234,
              34.270927
            ],
            [
              108.854862,
              34.270947
            ],
            [
              108.854929,
              34.270956
            ],
            [
              108.85487,
              34.27256
            ],
            [
              108.854808,
              34.274573
            ],
            [
              108.85278,
              34.274549
            ],
            [
              108.852772,
              34.275016
            ],
            [
              108.852754,
              34.275017
            ],
            [
              108.852754,
              34.275018
            ],
            [
              108.852547,
              34.275027
            ],
            [
              108.852547,
              34.275182
            ],
            [
              108.852241,
              34.275182
            ],
            [
              108.851158,
              34.275171
            ],
            [
              108.850723,
              34.275154
            ],
            [
              108.85068,
              34.275712
            ],
            [
              108.850914,
              34.275717
            ],
            [
              108.850967,
              34.277359
            ],
            [
              108.850967,
              34.278392
            ],
            [
              108.850662,
              34.278407
            ],
            [
              108.850648,
              34.279484
            ],
            [
              108.850696,
              34.279914
            ],
            [
              108.850755,
              34.280398
            ],
            [
              108.850828,
              34.281304
            ],
            [
              108.850839,
              34.281368
            ],
            [
              108.851083,
              34.281335
            ],
            [
              108.851112,
              34.281499
            ],
            [
              108.850876,
              34.281554
            ],
            [
              108.851002,
              34.282222
            ],
            [
              108.851297,
              34.282186
            ],
            [
              108.851327,
              34.282335
            ],
            [
              108.851037,
              34.282401
            ],
            [
              108.851091,
              34.282689
            ],
            [
              108.850932,
              34.282778
            ],
            [
              108.851201,
              34.283294
            ],
            [
              108.850804,
              34.283886
            ],
            [
              108.850055,
              34.284356
            ],
            [
              108.850079,
              34.284444
            ],
            [
              108.849218,
              34.284872
            ],
            [
              108.849218,
              34.285041
            ],
            [
              108.849379,
              34.285524
            ],
            [
              108.849358,
              34.286454
            ],
            [
              108.849353,
              34.287046
            ],
            [
              108.849428,
              34.287053
            ],
            [
              108.849414,
              34.287305
            ],
            [
              108.84935,
              34.287301
            ],
            [
              108.849337,
              34.288502
            ],
            [
              108.849299,
              34.288921
            ],
            [
              108.849302,
              34.288992
            ],
            [
              108.84931,
              34.289127
            ],
            [
              108.849334,
              34.289213
            ],
            [
              108.849629,
              34.289692
            ],
            [
              108.849908,
              34.290095
            ],
            [
              108.850407,
              34.290652
            ],
            [
              108.850619,
              34.290738
            ],
            [
              108.851131,
              34.290893
            ],
            [
              108.851541,
              34.290984
            ],
            [
              108.852088,
              34.290997
            ],
            [
              108.852539,
              34.290946
            ],
            [
              108.852577,
              34.290942
            ],
            [
              108.852957,
              34.290851
            ],
            [
              108.852915,
              34.291184
            ],
            [
              108.852539,
              34.291299
            ],
            [
              108.852324,
              34.291363
            ],
            [
              108.852324,
              34.291361
            ],
            [
              108.850951,
              34.291773
            ],
            [
              108.850495,
              34.291924
            ],
            [
              108.848789,
              34.292442
            ],
            [
              108.850506,
              34.292471
            ],
            [
              108.850543,
              34.293125
            ],
            [
              108.850495,
              34.293708
            ],
            [
              108.85023,
              34.293814
            ],
            [
              108.850267,
              34.293942
            ],
            [
              108.850248,
              34.294007
            ],
            [
              108.850316,
              34.294532
            ],
            [
              108.850278,
              34.294233
            ],
            [
              108.852539,
              34.294304
            ],
            [
              108.852754,
              34.29431
            ],
            [
              108.852754,
              34.294311
            ],
            [
              108.854323,
              34.294361
            ],
            [
              108.856613,
              34.294288
            ],
            [
              108.858604,
              34.294288
            ],
            [
              108.859824,
              34.294332
            ],
            [
              108.8608,
              34.294335
            ],
            [
              108.860806,
              34.294423
            ],
            [
              108.861237,
              34.294417
            ],
            [
              108.861243,
              34.294335
            ],
            [
              108.862372,
              34.294337
            ],
            [
              108.862415,
              34.293258
            ],
            [
              108.862742,
              34.293229
            ],
            [
              108.86274,
              34.293169
            ],
            [
              108.863525,
              34.293122
            ],
            [
              108.863885,
              34.293098
            ],
            [
              108.864193,
              34.293087
            ],
            [
              108.864193,
              34.293147
            ],
            [
              108.864832,
              34.293083
            ],
            [
              108.865229,
              34.293047
            ],
            [
              108.865365,
              34.292994
            ],
            [
              108.865658,
              34.292972
            ],
            [
              108.866108,
              34.292912
            ],
            [
              108.866943,
              34.292779
            ],
            [
              108.867232,
              34.292695
            ],
            [
              108.86724,
              34.292427
            ],
            [
              108.869193,
              34.292427
            ],
            [
              108.870094,
              34.29242
            ],
            [
              108.870529,
              34.292358
            ],
            [
              108.870834,
              34.292342
            ],
            [
              108.87118,
              34.292316
            ],
            [
              108.871183,
              34.292402
            ],
            [
              108.871819,
              34.29236
            ],
            [
              108.871821,
              34.292311
            ],
            [
              108.874512,
              34.2923
            ],
            [
              108.877738,
              34.292283
            ],
            [
              108.877738,
              34.292116
            ],
            [
              108.877948,
              34.292116
            ],
            [
              108.877945,
              34.292167
            ],
            [
              108.878463,
              34.292185
            ],
            [
              108.878473,
              34.292105
            ],
            [
              108.879468,
              34.29211
            ],
            [
              108.879463,
              34.292252
            ],
            [
              108.880415,
              34.292269
            ],
            [
              108.885498,
              34.292243
            ],
            [
              108.887622,
              34.292232
            ],
            [
              108.887928,
              34.292252
            ],
            [
              108.888261,
              34.293812
            ],
            [
              108.888443,
              34.294443
            ],
            [
              108.888475,
              34.294437
            ],
            [
              108.888698,
              34.294425
            ],
            [
              108.88972,
              34.294399
            ],
            [
              108.889728,
              34.294401
            ],
            [
              108.889779,
              34.294228
            ],
            [
              108.893373,
              34.294233
            ],
            [
              108.894956,
              34.294173
            ],
            [
              108.894947,
              34.294179
            ],
            [
              108.89627,
              34.294178
            ],
            [
              108.89627,
              34.294177
            ],
            [
              108.896914,
              34.294177
            ],
            [
              108.897192,
              34.294182
            ],
            [
              108.898351,
              34.294228
            ],
            [
              108.899845,
              34.294188
            ],
            [
              108.90007,
              34.294191
            ],
            [
              108.900838,
              34.294208
            ],
            [
              108.901106,
              34.294197
            ],
            [
              108.90165,
              34.294199
            ],
            [
              108.902149,
              34.294195
            ],
            [
              108.902645,
              34.294199
            ],
            [
              108.903308,
              34.294242
            ],
            [
              108.906108,
              34.294304
            ],
            [
              108.907256,
              34.2943
            ],
            [
              108.907256,
              34.294299
            ],
            [
              108.907471,
              34.294299
            ],
            [
              108.9107,
              34.294286
            ],
            [
              108.913275,
              34.294432
            ],
            [
              108.914731,
              34.29437
            ],
            [
              108.914764,
              34.294527
            ],
            [
              108.916169,
              34.294512
            ],
            [
              108.91618,
              34.294332
            ],
            [
              108.917604,
              34.294359
            ],
            [
              108.918457,
              34.294359
            ],
            [
              108.926978,
              34.294339
            ],
            [
              108.929443,
              34.294346
            ],
            [
              108.929658,
              34.294346
            ],
            [
              108.931487,
              34.29435
            ],
            [
              108.932852,
              34.294359
            ],
            [
              108.934263,
              34.294359
            ],
            [
              108.937187,
              34.294337
            ],
            [
              108.940215,
              34.294333
            ],
            [
              108.940215,
              34.294332
            ],
            [
              108.94043,
              34.294332
            ],
            [
              108.944928,
              34.294326
            ],
            [
              108.944955,
              34.294448
            ],
            [
              108.945778,
              34.294419
            ],
            [
              108.945861,
              34.294844
            ],
            [
              108.946022,
              34.294849
            ],
            [
              108.946317,
              34.296238
            ],
            [
              108.946457,
              34.296666
            ],
            [
              108.946636,
              34.296976
            ],
            [
              108.94684,
              34.298068
            ],
            [
              108.946996,
              34.298831
            ],
            [
              108.947004,
              34.299015
            ],
            [
              108.947047,
              34.299141
            ],
            [
              108.947039,
              34.29932
            ],
            [
              108.947277,
              34.29932
            ],
            [
              108.947272,
              34.299571
            ],
            [
              108.950896,
              34.299404
            ],
            [
              108.950941,
              34.298068
            ],
            [
              108.950998,
              34.296528
            ],
            [
              108.950998,
              34.296121
            ],
            [
              108.951008,
              34.295815
            ],
            [
              108.951027,
              34.295664
            ],
            [
              108.951073,
              34.294317
            ],
            [
              108.95133,
              34.294315
            ],
            [
              108.951995,
              34.294315
            ],
            [
              108.955718,
              34.294401
            ],
            [
              108.955772,
              34.294401
            ],
            [
              108.956016,
              34.294368
            ],
            [
              108.956874,
              34.29437
            ],
            [
              108.956874,
              34.294355
            ],
            [
              108.957086,
              34.294355
            ],
            [
              108.957089,
              34.29437
            ],
            [
              108.957727,
              34.294374
            ],
            [
              108.95972,
              34.294372
            ],
            [
              108.960637,
              34.294386
            ],
            [
              108.961684,
              34.29439
            ],
            [
              108.962228,
              34.294399
            ],
            [
              108.962209,
              34.295587
            ],
            [
              108.962402,
              34.295593
            ],
            [
              108.962695,
              34.295602
            ],
            [
              108.962882,
              34.295615
            ],
            [
              108.962888,
              34.295733
            ],
            [
              108.963443,
              34.295731
            ],
            [
              108.964784,
              34.295717
            ],
            [
              108.964795,
              34.295777
            ],
            [
              108.966635,
              34.295773
            ],
            [
              108.96664,
              34.295378
            ],
            [
              108.967431,
              34.295383
            ],
            [
              108.967429,
              34.295307
            ],
            [
              108.968081,
              34.295325
            ],
            [
              108.968303,
              34.295354
            ],
            [
              108.968891,
              34.295438
            ],
            [
              108.968885,
              34.295454
            ],
            [
              108.969285,
              34.295509
            ],
            [
              108.969325,
              34.29554
            ],
            [
              108.969365,
              34.29552
            ],
            [
              108.969792,
              34.295888
            ],
            [
              108.969848,
              34.295941
            ],
            [
              108.969894,
              34.295977
            ],
            [
              108.969934,
              34.296411
            ],
            [
              108.969942,
              34.296562
            ],
            [
              108.97021,
              34.296568
            ],
            [
              108.97021,
              34.296763
            ],
            [
              108.968826,
              34.296783
            ],
            [
              108.96884,
              34.296925
            ],
            [
              108.968829,
              34.297825
            ],
            [
              108.968917,
              34.297831
            ],
            [
              108.971248,
              34.297836
            ],
            [
              108.971852,
              34.297829
            ],
            [
              108.972646,
              34.297833
            ],
            [
              108.973008,
              34.297829
            ],
            [
              108.973174,
              34.297818
            ],
            [
              108.973389,
              34.297805
            ],
            [
              108.973804,
              34.297776
            ],
            [
              108.973963,
              34.297791
            ],
            [
              108.973976,
              34.297842
            ],
            [
              108.973992,
              34.298068
            ],
            [
              108.974016,
              34.298359
            ],
            [
              108.97403,
              34.29841
            ],
            [
              108.974958,
              34.298407
            ],
            [
              108.974958,
              34.298365
            ],
            [
              108.975108,
              34.29827
            ],
            [
              108.975173,
              34.298246
            ],
            [
              108.975172,
              34.298246
            ],
            [
              108.97554,
              34.298108
            ],
            [
              108.975722,
              34.298068
            ],
            [
              108.975969,
              34.298013
            ],
            [
              108.97642,
              34.297962
            ],
            [
              108.976841,
              34.297935
            ],
            [
              108.977849,
              34.297975
            ],
            [
              108.978458,
              34.298004
            ],
            [
              108.979075,
              34.297989
            ],
            [
              108.980035,
              34.29802
            ],
            [
              108.980628,
              34.298015
            ],
            [
              108.98305,
              34.298068
            ],
            [
              108.984024,
              34.298088
            ],
            [
              108.984375,
              34.298102
            ],
            [
              108.984871,
              34.298119
            ],
            [
              108.984957,
              34.298124
            ],
            [
              108.985185,
              34.298068
            ],
            [
              108.985606,
              34.297951
            ],
            [
              108.985791,
              34.297891
            ],
            [
              108.985793,
              34.297891
            ],
            [
              108.986175,
              34.297769
            ],
            [
              108.986676,
              34.297554
            ],
            [
              108.987435,
              34.297237
            ],
            [
              108.988358,
              34.296892
            ],
            [
              108.988645,
              34.296799
            ],
            [
              108.989195,
              34.29669
            ],
            [
              108.989546,
              34.296652
            ],
            [
              108.99049,
              34.296639
            ],
            [
              108.990863,
              34.296626
            ],
            [
              108.990828,
              34.295431
            ],
            [
              108.990828,
              34.295305
            ],
            [
              108.990839,
              34.295294
            ],
            [
              108.990823,
              34.295219
            ],
            [
              108.99118,
              34.295223
            ],
            [
              108.99118,
              34.295205
            ],
            [
              108.991448,
              34.295212
            ],
            [
              108.993208,
              34.295239
            ],
            [
              108.993213,
              34.295389
            ],
            [
              108.993267,
              34.295389
            ],
            [
              108.993269,
              34.295682
            ],
            [
              108.993342,
              34.296132
            ],
            [
              108.995147,
              34.29615
            ],
            [
              108.995147,
              34.296149
            ],
            [
              108.995361,
              34.296152
            ],
            [
              108.995689,
              34.296154
            ],
            [
              108.995686,
              34.296196
            ],
            [
              108.996324,
              34.296209
            ],
            [
              108.99633,
              34.296161
            ],
            [
              108.996979,
              34.296167
            ],
            [
              108.998194,
              34.296247
            ],
            [
              108.999006,
              34.29624
            ],
            [
              108.999476,
              34.296258
            ],
            [
              108.999495,
              34.296256
            ],
            [
              108.999508,
              34.296227
            ],
            [
              108.999932,
              34.296256
            ],
            [
              108.999926,
              34.296274
            ],
            [
              109.001091,
              34.296287
            ],
            [
              109.001144,
              34.298068
            ],
            [
              109.001176,
              34.299085
            ],
            [
              109.000911,
              34.299092
            ],
            [
              109.000911,
              34.299294
            ],
            [
              109.001184,
              34.2993
            ],
            [
              109.001209,
              34.300096
            ],
            [
              109.000433,
              34.300142
            ],
            [
              108.99895,
              34.30018
            ],
            [
              108.998945,
              34.300433
            ],
            [
              108.999913,
              34.300554
            ],
            [
              108.999929,
              34.300938
            ],
            [
              109.000433,
              34.301002
            ],
            [
              109.000565,
              34.301033
            ],
            [
              109.000627,
              34.301062
            ],
            [
              109.000664,
              34.301135
            ],
            [
              109.000648,
              34.301197
            ],
            [
              109.000648,
              34.301532
            ],
            [
              109.00126,
              34.301516
            ],
            [
              109.001308,
              34.301846
            ],
            [
              109.003848,
              34.301806
            ],
            [
              109.003853,
              34.30193
            ],
            [
              109.004366,
              34.301919
            ],
            [
              109.004355,
              34.303009
            ],
            [
              109.004703,
              34.303018
            ],
            [
              109.004698,
              34.303512
            ],
            [
              109.004682,
              34.303918
            ],
            [
              109.003944,
              34.303936
            ],
            [
              109.003936,
              34.304459
            ],
            [
              109.004661,
              34.304474
            ],
            [
              109.004653,
              34.30505
            ],
            [
              109.002855,
              34.305057
            ],
            [
              109.002829,
              34.305686
            ],
            [
              109.004003,
              34.305695
            ],
            [
              109.003954,
              34.306967
            ],
            [
              109.003955,
              34.306967
            ],
            [
              109.00395,
              34.307144
            ],
            [
              109.003923,
              34.307999
            ],
            [
              109.004352,
              34.307999
            ],
            [
              109.004368,
              34.307804
            ],
            [
              109.004953,
              34.307815
            ],
            [
              109.004986,
              34.307321
            ],
            [
              109.004985,
              34.307321
            ],
            [
              109.004999,
              34.307144
            ],
            [
              109.005009,
              34.306967
            ],
            [
              109.005012,
              34.306967
            ],
            [
              109.005058,
              34.306353
            ],
            [
              109.005106,
              34.306331
            ],
            [
              109.005189,
              34.306357
            ],
            [
              109.005302,
              34.306382
            ],
            [
              109.005741,
              34.306435
            ],
            [
              109.006348,
              34.306517
            ],
            [
              109.006562,
              34.306543
            ],
            [
              109.006562,
              34.306544
            ],
            [
              109.006804,
              34.306574
            ],
            [
              109.007101,
              34.306619
            ],
            [
              109.007549,
              34.306679
            ],
            [
              109.007911,
              34.306712
            ],
            [
              109.007925,
              34.306674
            ],
            [
              109.009239,
              34.304421
            ],
            [
              109.01146,
              34.305783
            ],
            [
              109.012128,
              34.306331
            ],
            [
              109.01279,
              34.306796
            ],
            [
              109.013071,
              34.306967
            ],
            [
              109.013072,
              34.306967
            ],
            [
              109.013364,
              34.307144
            ],
            [
              109.014359,
              34.307746
            ],
            [
              109.014936,
              34.308216
            ],
            [
              109.015092,
              34.30819
            ],
            [
              109.017119,
              34.308246
            ],
            [
              109.017119,
              34.308245
            ],
            [
              109.017334,
              34.308252
            ],
            [
              109.017549,
              34.308256
            ],
            [
              109.017549,
              34.308257
            ],
            [
              109.018533,
              34.30828
            ],
            [
              109.019018,
              34.308289
            ],
            [
              109.019558,
              34.308351
            ],
            [
              109.01956,
              34.308298
            ],
            [
              109.019571,
              34.308249
            ],
            [
              109.019912,
              34.308245
            ],
            [
              109.019933,
              34.308303
            ],
            [
              109.020829,
              34.308843
            ],
            [
              109.023377,
              34.309149
            ],
            [
              109.023393,
              34.309317
            ],
            [
              109.023444,
              34.309592
            ],
            [
              109.023836,
              34.310237
            ],
            [
              109.025005,
              34.310272
            ],
            [
              109.025035,
              34.309929
            ],
            [
              109.02832,
              34.309982
            ],
            [
              109.028347,
              34.309982
            ],
            [
              109.02832,
              34.310011
            ],
            [
              109.028106,
              34.310235
            ],
            [
              109.028106,
              34.310233
            ],
            [
              109.026746,
              34.311644
            ],
            [
              109.027427,
              34.312011
            ],
            [
              109.02832,
              34.312432
            ],
            [
              109.028535,
              34.312532
            ],
            [
              109.028535,
              34.312533
            ],
            [
              109.030133,
              34.313285
            ],
            [
              109.030155,
              34.313299
            ],
            [
              109.030066,
              34.313403
            ],
            [
              109.029761,
              34.313724
            ],
            [
              109.029112,
              34.31449
            ],
            [
              109.028631,
              34.315084
            ],
            [
              109.031571,
              34.315396
            ],
            [
              109.03233,
              34.315483
            ],
            [
              109.032644,
              34.315044
            ],
            [
              109.03288,
              34.314552
            ],
            [
              109.033921,
              34.314617
            ],
            [
              109.0338,
              34.315871
            ],
            [
              109.033682,
              34.316218
            ],
            [
              109.033655,
              34.3163
            ],
            [
              109.032891,
              34.317151
            ],
            [
              109.033631,
              34.318046
            ],
            [
              109.035983,
              34.320862
            ],
            [
              109.036324,
              34.321156
            ],
            [
              109.036681,
              34.321349
            ],
            [
              109.03917,
              34.323978
            ],
            [
              109.039307,
              34.324109
            ],
            [
              109.040345,
              34.325099
            ],
            [
              109.040331,
              34.325119
            ],
            [
              109.040294,
              34.325177
            ],
            [
              109.040213,
              34.325292
            ],
            [
              109.040143,
              34.325394
            ],
            [
              109.039918,
              34.325533
            ],
            [
              109.03958,
              34.325684
            ],
            [
              109.039521,
              34.325712
            ],
            [
              109.039521,
              34.325713
            ],
            [
              109.039358,
              34.325788
            ],
            [
              109.039307,
              34.325817
            ],
            [
              109.039173,
              34.325892
            ],
            [
              109.039122,
              34.325968
            ],
            [
              109.039111,
              34.326061
            ],
            [
              109.039092,
              34.326103
            ],
            [
              109.039092,
              34.326102
            ],
            [
              109.039001,
              34.326302
            ],
            [
              109.038891,
              34.326435
            ],
            [
              109.038392,
              34.326723
            ],
            [
              109.038212,
              34.326763
            ],
            [
              109.037869,
              34.326869
            ],
            [
              109.037515,
              34.327031
            ],
            [
              109.036954,
              34.327217
            ],
            [
              109.036278,
              34.327372
            ],
            [
              109.035954,
              34.327542
            ],
            [
              109.035436,
              34.327735
            ],
            [
              109.034894,
              34.328098
            ],
            [
              109.033331,
              34.32943
            ],
            [
              109.032228,
              34.330619
            ],
            [
              109.03145,
              34.3311
            ],
            [
              109.030831,
              34.331277
            ],
            [
              109.029919,
              34.331738
            ],
            [
              109.029868,
              34.33176
            ],
            [
              109.029272,
              34.329693
            ],
            [
              109.028792,
              34.328045
            ],
            [
              109.028572,
              34.327401
            ],
            [
              109.028535,
              34.327277
            ],
            [
              109.028535,
              34.327279
            ],
            [
              109.02832,
              34.32657
            ],
            [
              109.028194,
              34.326092
            ],
            [
              109.028106,
              34.325799
            ],
            [
              109.028033,
              34.32556
            ],
            [
              109.027961,
              34.325292
            ],
            [
              109.027915,
              34.325115
            ],
            [
              109.027916,
              34.325115
            ],
            [
              109.027891,
              34.325015
            ],
            [
              109.027677,
              34.324255
            ],
            [
              109.027569,
              34.324116
            ],
            [
              109.027556,
              34.324091
            ],
            [
              109.025893,
              34.323932
            ],
            [
              109.02577,
              34.323994
            ],
            [
              109.025289,
              34.323974
            ],
            [
              109.025155,
              34.324082
            ],
            [
              109.024879,
              34.324244
            ],
            [
              109.024305,
              34.324612
            ],
            [
              109.023377,
              34.325194
            ],
            [
              109.023404,
              34.325241
            ],
            [
              109.023417,
              34.325292
            ],
            [
              109.023431,
              34.325332
            ],
            [
              109.023634,
              34.325777
            ],
            [
              109.023844,
              34.326253
            ],
            [
              109.024297,
              34.327263
            ],
            [
              109.024648,
              34.32807
            ],
            [
              109.024761,
              34.328338
            ],
            [
              109.024941,
              34.328739
            ],
            [
              109.02501,
              34.328918
            ],
            [
              109.025126,
              34.329173
            ],
            [
              109.024678,
              34.329447
            ],
            [
              109.023213,
              34.330296
            ],
            [
              109.022307,
              34.330836
            ],
            [
              109.022666,
              34.331166
            ],
            [
              109.023626,
              34.332006
            ],
            [
              109.023758,
              34.332103
            ],
            [
              109.024238,
              34.332511
            ],
            [
              109.024715,
              34.332934
            ],
            [
              109.024935,
              34.333113
            ],
            [
              109.025128,
              34.333288
            ],
            [
              109.025306,
              34.33356
            ],
            [
              109.025421,
              34.333665
            ],
            [
              109.025442,
              34.333729
            ],
            [
              109.024686,
              34.334294
            ],
            [
              109.024573,
              34.334364
            ],
            [
              109.024284,
              34.334548
            ],
            [
              109.023573,
              34.33506
            ],
            [
              109.023339,
              34.335237
            ],
            [
              109.022747,
              34.335651
            ],
            [
              109.021534,
              34.336513
            ],
            [
              109.021349,
              34.33665
            ],
            [
              109.020987,
              34.336912
            ],
            [
              109.01989,
              34.3376
            ],
            [
              109.017549,
              34.339349
            ],
            [
              109.017549,
              34.33935
            ],
            [
              109.017334,
              34.339509
            ],
            [
              109.017119,
              34.339669
            ],
            [
              109.015947,
              34.340539
            ],
            [
              109.014724,
              34.341401
            ],
            [
              109.012562,
              34.343086
            ],
            [
              109.012374,
              34.343259
            ],
            [
              109.012375,
              34.343259
            ],
            [
              109.012181,
              34.343436
            ],
            [
              109.011999,
              34.343608
            ],
            [
              109.011575,
              34.344058
            ],
            [
              109.011071,
              34.344663
            ],
            [
              109.010392,
              34.345717
            ],
            [
              109.009979,
              34.346384
            ],
            [
              109.00962,
              34.347099
            ],
            [
              109.009271,
              34.347836
            ],
            [
              109.008826,
              34.348875
            ],
            [
              109.008614,
              34.34986
            ],
            [
              109.008405,
              34.350542
            ],
            [
              109.008341,
              34.351218
            ],
            [
              109.00829,
              34.351982
            ],
            [
              109.008243,
              34.35233
            ],
            [
              109.008244,
              34.35233
            ],
            [
              109.00822,
              34.352507
            ],
            [
              109.007831,
              34.355494
            ],
            [
              109.007708,
              34.356382
            ],
            [
              109.007767,
              34.35736
            ],
            [
              109.007726,
              34.360542
            ],
            [
              109.007729,
              34.361399
            ],
            [
              109.007729,
              34.361576
            ],
            [
              109.00774,
              34.363042
            ],
            [
              109.007742,
              34.365524
            ],
            [
              109.007758,
              34.366748
            ],
            [
              109.007769,
              34.370317
            ],
            [
              109.007772,
              34.370645
            ],
            [
              109.007804,
              34.372533
            ],
            [
              109.007724,
              34.375834
            ],
            [
              109.007729,
              34.376011
            ],
            [
              109.007764,
              34.377169
            ],
            [
              109.007651,
              34.379713
            ],
            [
              109.007646,
              34.37989
            ],
            [
              109.007644,
              34.37989
            ],
            [
              109.007592,
              34.381134
            ],
            [
              109.007563,
              34.384481
            ],
            [
              109.007571,
              34.387551
            ],
            [
              109.007579,
              34.388779
            ],
            [
              109.00759,
              34.390791
            ],
            [
              109.007565,
              34.39292
            ],
            [
              109.007387,
              34.397668
            ],
            [
              109.007388,
              34.397668
            ],
            [
              109.007383,
              34.397845
            ],
            [
              109.007364,
              34.398396
            ],
            [
              109.007372,
              34.400861
            ],
            [
              109.007367,
              34.40097
            ],
            [
              109.00737,
              34.401523
            ],
            [
              109.007353,
              34.403462
            ],
            [
              109.007214,
              34.406733
            ],
            [
              109.007206,
              34.40691
            ],
            [
              109.007174,
              34.407704
            ],
            [
              109.007171,
              34.409937
            ],
            [
              109.007418,
              34.41192
            ],
            [
              109.007576,
              34.413002
            ],
            [
              109.007627,
              34.415447
            ],
            [
              109.007737,
              34.415973
            ],
            [
              109.008113,
              34.417704
            ],
            [
              109.008311,
              34.418206
            ],
            [
              109.008756,
              34.419463
            ],
            [
              109.009081,
              34.420823
            ],
            [
              109.010242,
              34.423837
            ],
            [
              109.010819,
              34.425036
            ],
            [
              109.010905,
              34.425213
            ],
            [
              109.010904,
              34.425213
            ],
            [
              109.011559,
              34.42658
            ],
            [
              109.012584,
              34.428041
            ],
            [
              109.014585,
              34.430547
            ],
            [
              109.0151,
              34.431107
            ],
            [
              109.016097,
              34.432246
            ],
            [
              109.017119,
              34.433162
            ],
            [
              109.017334,
              34.433355
            ],
            [
              109.017809,
              34.433779
            ],
            [
              109.018141,
              34.434098
            ],
            [
              109.018608,
              34.434543
            ],
            [
              109.019608,
              34.435525
            ],
            [
              109.020566,
              34.436591
            ],
            [
              109.021548,
              34.437429
            ],
            [
              109.018503,
              34.437365
            ],
            [
              109.017549,
              34.437387
            ],
            [
              109.017334,
              34.437392
            ],
            [
              109.017119,
              34.437396
            ],
            [
              109.01669,
              34.437405
            ],
            [
              109.015218,
              34.437438
            ],
            [
              109.013319,
              34.437496
            ],
            [
              109.011988,
              34.437518
            ],
            [
              109.008633,
              34.437507
            ],
            [
              109.006965,
              34.437241
            ],
            [
              109.006562,
              34.437192
            ],
            [
              109.006562,
              34.437193
            ],
            [
              109.006348,
              34.437166
            ],
            [
              109.006133,
              34.43714
            ],
            [
              109.006133,
              34.437139
            ],
            [
              109.003403,
              34.43679
            ],
            [
              109.001903,
              34.436618
            ],
            [
              109.000433,
              34.43641
            ],
            [
              108.999921,
              34.436365
            ],
            [
              108.995576,
              34.436035
            ],
            [
              108.995576,
              34.436036
            ],
            [
              108.995466,
              34.436027
            ],
            [
              108.995361,
              34.436023
            ],
            [
              108.994476,
              34.435978
            ],
            [
              108.986102,
              34.434704
            ],
            [
              108.985786,
              34.434622
            ],
            [
              108.985045,
              34.434275
            ],
            [
              108.985043,
              34.434275
            ],
            [
              108.984665,
              34.434098
            ],
            [
              108.984375,
              34.433963
            ],
            [
              108.98416,
              34.433861
            ],
            [
              108.98416,
              34.43386
            ],
            [
              108.98147,
              34.432594
            ],
            [
              108.975019,
              34.429846
            ],
            [
              108.974373,
              34.429709
            ],
            [
              108.973603,
              34.429442
            ],
            [
              108.973603,
              34.429443
            ],
            [
              108.973389,
              34.429368
            ],
            [
              108.973174,
              34.429295
            ],
            [
              108.973174,
              34.429294
            ],
            [
              108.971184,
              34.428605
            ],
            [
              108.967922,
              34.427611
            ],
            [
              108.966037,
              34.426994
            ],
            [
              108.96491,
              34.426625
            ],
            [
              108.964006,
              34.426299
            ],
            [
              108.962402,
              34.425788
            ],
            [
              108.962188,
              34.42572
            ],
            [
              108.962188,
              34.425717
            ],
            [
              108.961938,
              34.425636
            ],
            [
              108.960925,
              34.425213
            ],
            [
              108.960924,
              34.425213
            ],
            [
              108.960501,
              34.425036
            ],
            [
              108.956721,
              34.423459
            ],
            [
              108.957754,
              34.421514
            ],
            [
              108.957236,
              34.421071
            ],
            [
              108.957089,
              34.420945
            ],
            [
              108.955796,
              34.420003
            ],
            [
              108.953296,
              34.418376
            ],
            [
              108.951416,
              34.417126
            ],
            [
              108.951201,
              34.416985
            ],
            [
              108.951201,
              34.416984
            ],
            [
              108.949673,
              34.415973
            ],
            [
              108.949404,
              34.415796
            ],
            [
              108.949406,
              34.415796
            ],
            [
              108.946768,
              34.414046
            ],
            [
              108.942677,
              34.411249
            ],
            [
              108.941486,
              34.410576
            ],
            [
              108.940644,
              34.410217
            ],
            [
              108.940644,
              34.410218
            ],
            [
              108.940615,
              34.410205
            ],
            [
              108.94043,
              34.410152
            ],
            [
              108.940215,
              34.41009
            ],
            [
              108.940215,
              34.410089
            ],
            [
              108.938874,
              34.409696
            ],
            [
              108.937165,
              34.40924
            ],
            [
              108.935505,
              34.40889
            ],
            [
              108.932254,
              34.407839
            ],
            [
              108.930819,
              34.407427
            ],
            [
              108.929443,
              34.407073
            ],
            [
              108.928794,
              34.40691
            ],
            [
              108.926705,
              34.406387
            ],
            [
              108.925173,
              34.405974
            ],
            [
              108.923658,
              34.405429
            ],
            [
              108.921796,
              34.404854
            ],
            [
              108.921158,
              34.404697
            ],
            [
              108.91964,
              34.404471
            ],
            [
              108.918672,
              34.404283
            ],
            [
              108.918242,
              34.404199
            ],
            [
              108.918242,
              34.404198
            ],
            [
              108.917832,
              34.404117
            ],
            [
              108.9153,
              34.403692
            ],
            [
              108.913404,
              34.403274
            ],
            [
              108.912232,
              34.403081
            ],
            [
              108.911081,
              34.403021
            ],
            [
              108.910118,
              34.4029
            ],
            [
              108.907685,
              34.402448
            ],
            [
              108.907471,
              34.402408
            ],
            [
              108.907256,
              34.402369
            ],
            [
              108.907256,
              34.402368
            ],
            [
              108.906331,
              34.402196
            ],
            [
              108.905483,
              34.402101
            ],
            [
              108.903388,
              34.401678
            ],
            [
              108.900907,
              34.401304
            ],
            [
              108.899711,
              34.401096
            ],
            [
              108.896699,
              34.400608
            ],
            [
              108.896699,
              34.400611
            ],
            [
              108.896484,
              34.400576
            ],
            [
              108.895757,
              34.400454
            ],
            [
              108.89384,
              34.400235
            ],
            [
              108.892756,
              34.399934
            ],
            [
              108.891152,
              34.399188
            ],
            [
              108.888652,
              34.397845
            ],
            [
              108.888285,
              34.397668
            ],
            [
              108.888286,
              34.397668
            ],
            [
              108.887791,
              34.397429
            ],
            [
              108.885713,
              34.396492
            ],
            [
              108.885713,
              34.396493
            ],
            [
              108.885498,
              34.396395
            ],
            [
              108.885332,
              34.39632
            ],
            [
              108.885283,
              34.396296
            ],
            [
              108.885283,
              34.396294
            ],
            [
              108.883033,
              34.395098
            ],
            [
              108.881531,
              34.394248
            ],
            [
              108.880455,
              34.393591
            ],
            [
              108.878945,
              34.39283
            ],
            [
              108.877583,
              34.392221
            ],
            [
              108.87702,
              34.391995
            ],
            [
              108.876384,
              34.391798
            ],
            [
              108.875287,
              34.391568
            ],
            [
              108.874726,
              34.391442
            ],
            [
              108.874512,
              34.391393
            ],
            [
              108.874297,
              34.391345
            ],
            [
              108.874297,
              34.391344
            ],
            [
              108.873452,
              34.39115
            ],
            [
              108.869383,
              34.390256
            ],
            [
              108.867415,
              34.389676
            ],
            [
              108.865579,
              34.388956
            ],
            [
              108.865577,
              34.388956
            ],
            [
              108.865172,
              34.388797
            ],
            [
              108.865113,
              34.388779
            ],
            [
              108.86374,
              34.388364
            ],
            [
              108.86374,
              34.388365
            ],
            [
              108.863525,
              34.388299
            ],
            [
              108.86341,
              34.388264
            ],
            [
              108.863311,
              34.388226
            ],
            [
              108.863311,
              34.388225
            ],
            [
              108.860135,
              34.386993
            ],
            [
              108.857968,
              34.386236
            ],
            [
              108.857128,
              34.385915
            ],
            [
              108.856141,
              34.385525
            ],
            [
              108.855377,
              34.385284
            ],
            [
              108.854527,
              34.385098
            ],
            [
              108.85322,
              34.384729
            ],
            [
              108.852754,
              34.384591
            ],
            [
              108.852324,
              34.384463
            ],
            [
              108.851611,
              34.384248
            ],
            [
              108.849607,
              34.383498
            ],
            [
              108.848044,
              34.383037
            ],
            [
              108.846563,
              34.382615
            ],
            [
              108.845573,
              34.382411
            ],
            [
              108.842162,
              34.38143
            ],
            [
              108.841553,
              34.381247
            ],
            [
              108.841338,
              34.381182
            ],
            [
              108.841338,
              34.381181
            ],
            [
              108.840206,
              34.380837
            ],
            [
              108.838726,
              34.380399
            ],
            [
              108.83673,
              34.37989
            ],
            [
              108.836722,
              34.37989
            ],
            [
              108.836089,
              34.379728
            ],
            [
              108.836035,
              34.379713
            ],
            [
              108.835435,
              34.379535
            ],
            [
              108.83364,
              34.379006
            ],
            [
              108.830792,
              34.377889
            ],
            [
              108.830781,
              34.377884
            ],
            [
              108.830754,
              34.377872
            ],
            [
              108.830566,
              34.377789
            ],
            [
              108.830352,
              34.377691
            ],
            [
              108.830352,
              34.37769
            ],
            [
              108.829113,
              34.377129
            ],
            [
              108.827426,
              34.376421
            ],
            [
              108.825312,
              34.375542
            ],
            [
              108.822726,
              34.37442
            ],
            [
              108.821203,
              34.373793
            ],
            [
              108.820025,
              34.37329
            ],
            [
              108.81958,
              34.373129
            ],
            [
              108.818354,
              34.372677
            ],
            [
              108.816485,
              34.371834
            ],
            [
              108.815482,
              34.371413
            ],
            [
              108.814131,
              34.370822
            ],
            [
              108.81413,
              34.370822
            ],
            [
              108.814089,
              34.370804
            ],
            [
              108.814055,
              34.370789
            ],
            [
              108.813733,
              34.370645
            ],
            [
              108.811662,
              34.369711
            ],
            [
              108.80987,
              34.368812
            ],
            [
              108.808808,
              34.368331
            ],
            [
              108.808783,
              34.36832
            ],
            [
              108.808594,
              34.368234
            ],
            [
              108.808379,
              34.368137
            ],
            [
              108.808379,
              34.368136
            ],
            [
              108.808288,
              34.368094
            ],
            [
              108.80563,
              34.366925
            ],
            [
              108.803396,
              34.365818
            ],
            [
              108.802272,
              34.365256
            ],
            [
              108.8007,
              34.364508
            ],
            [
              108.797607,
              34.362969
            ],
            [
              108.797393,
              34.362863
            ],
            [
              108.797393,
              34.362861
            ],
            [
              108.797232,
              34.362781
            ],
            [
              108.797017,
              34.361753
            ],
            [
              108.797015,
              34.361753
            ],
            [
              108.796977,
              34.361576
            ],
            [
              108.79691,
              34.361238
            ],
            [
              108.796889,
              34.360606
            ],
            [
              108.79684,
              34.358678
            ],
            [
              108.796768,
              34.35537
            ],
            [
              108.796733,
              34.354814
            ],
            [
              108.796628,
              34.354531
            ],
            [
              108.796489,
              34.354187
            ],
            [
              108.79613,
              34.353607
            ],
            [
              108.79562,
              34.353136
            ],
            [
              108.794949,
              34.352766
            ],
            [
              108.794829,
              34.352684
            ],
            [
              108.794568,
              34.352507
            ],
            [
              108.794528,
              34.352478
            ],
            [
              108.794461,
              34.35233
            ],
            [
              108.794464,
              34.35233
            ],
            [
              108.793281,
              34.349619
            ],
            [
              108.792836,
              34.348558
            ],
            [
              108.792447,
              34.347759
            ],
            [
              108.792168,
              34.347119
            ],
            [
              108.792173,
              34.346975
            ],
            [
              108.792222,
              34.346924
            ],
            [
              108.792372,
              34.346904
            ],
            [
              108.792522,
              34.34692
            ],
            [
              108.792868,
              34.347081
            ],
            [
              108.795247,
              34.348257
            ],
            [
              108.797039,
              34.34872
            ],
            [
              108.797028,
              34.348217
            ],
            [
              108.797001,
              34.347511
            ],
            [
              108.79695,
              34.346811
            ],
            [
              108.797245,
              34.345334
            ],
            [
              108.79661,
              34.345243
            ],
            [
              108.79643,
              34.344825
            ],
            [
              108.795735,
              34.344745
            ],
            [
              108.795577,
              34.344754
            ],
            [
              108.794381,
              34.344537
            ],
            [
              108.793981,
              34.344492
            ],
            [
              108.793898,
              34.34453
            ],
            [
              108.793391,
              34.344457
            ],
            [
              108.793257,
              34.344191
            ],
            [
              108.793083,
              34.343906
            ],
            [
              108.792897,
              34.343642
            ],
            [
              108.792867,
              34.343613
            ],
            [
              108.792865,
              34.343613
            ],
            [
              108.792688,
              34.343445
            ],
            [
              108.792669,
              34.343436
            ],
            [
              108.792444,
              34.343323
            ],
            [
              108.792428,
              34.343319
            ],
            [
              108.792377,
              34.343266
            ],
            [
              108.792374,
              34.343259
            ],
            [
              108.792377,
              34.343259
            ],
            [
              108.792369,
              34.343133
            ],
            [
              108.792482,
              34.342936
            ],
            [
              108.792879,
              34.343033
            ],
            [
              108.79349,
              34.342989
            ],
            [
              108.793517,
              34.342936
            ],
            [
              108.793461,
              34.34257
            ],
            [
              108.793718,
              34.342506
            ],
            [
              108.795124,
              34.342546
            ],
            [
              108.795201,
              34.342147
            ],
            [
              108.79529,
              34.341917
            ],
            [
              108.795582,
              34.341791
            ],
            [
              108.796524,
              34.341842
            ],
            [
              108.796524,
              34.341567
            ],
            [
              108.79669,
              34.341481
            ],
            [
              108.797602,
              34.34143
            ],
            [
              108.797607,
              34.341259
            ],
            [
              108.797613,
              34.341086
            ],
            [
              108.797607,
              34.341089
            ],
            [
              108.797393,
              34.341102
            ],
            [
              108.796889,
              34.341133
            ],
            [
              108.796811,
              34.340778
            ],
            [
              108.796282,
              34.34073
            ],
            [
              108.796175,
              34.340679
            ],
            [
              108.796087,
              34.340493
            ],
            [
              108.796038,
              34.339266
            ],
            [
              108.795998,
              34.33898
            ],
            [
              108.79566,
              34.338834
            ],
            [
              108.795647,
              34.33751
            ],
            [
              108.795735,
              34.336597
            ],
            [
              108.795757,
              34.335747
            ],
            [
              108.792656,
              34.335711
            ],
            [
              108.790926,
              34.335716
            ],
            [
              108.7908,
              34.335071
            ],
            [
              108.790744,
              34.335069
            ],
            [
              108.790762,
              34.334717
            ],
            [
              108.787466,
              34.334635
            ],
            [
              108.787495,
              34.334364
            ],
            [
              108.787533,
              34.334052
            ],
            [
              108.787522,
              34.333569
            ],
            [
              108.787536,
              34.333467
            ],
            [
              108.787576,
              34.33304
            ],
            [
              108.787879,
              34.333044
            ],
            [
              108.787941,
              34.331992
            ],
            [
              108.788906,
              34.331988
            ],
            [
              108.789081,
              34.331959
            ],
            [
              108.789102,
              34.331109
            ],
            [
              108.789177,
              34.331109
            ],
            [
              108.789158,
              34.330798
            ],
            [
              108.789226,
              34.329567
            ],
            [
              108.791074,
              34.329647
            ],
            [
              108.7911,
              34.329131
            ],
            [
              108.791194,
              34.32756
            ],
            [
              108.789783,
              34.325963
            ],
            [
              108.789797,
              34.325469
            ],
            [
              108.789802,
              34.325292
            ],
            [
              108.789808,
              34.325115
            ],
            [
              108.789883,
              34.322809
            ],
            [
              108.789977,
              34.320602
            ],
            [
              108.79007,
              34.320204
            ],
            [
              108.79054,
              34.319714
            ],
            [
              108.791216,
              34.319032
            ],
            [
              108.791275,
              34.318405
            ],
            [
              108.790116,
              34.318396
            ],
            [
              108.790076,
              34.317953
            ],
            [
              108.789845,
              34.316218
            ],
            [
              108.789821,
              34.316041
            ],
            [
              108.789822,
              34.316041
            ],
            [
              108.789765,
              34.3156
            ],
            [
              108.790604,
              34.315616
            ],
            [
              108.790679,
              34.314807
            ],
            [
              108.789968,
              34.314783
            ],
            [
              108.790245,
              34.313522
            ],
            [
              108.790062,
              34.3134
            ],
            [
              108.790333,
              34.312151
            ],
            [
              108.79039,
              34.311885
            ],
            [
              108.789314,
              34.31181
            ],
            [
              108.789301,
              34.310737
            ],
            [
              108.788815,
              34.310753
            ],
            [
              108.788804,
              34.310456
            ],
            [
              108.786836,
              34.310809
            ],
            [
              108.786836,
              34.310811
            ],
            [
              108.786742,
              34.310826
            ],
            [
              108.786621,
              34.310857
            ],
            [
              108.786407,
              34.310908
            ],
            [
              108.786407,
              34.310907
            ],
            [
              108.786205,
              34.310955
            ],
            [
              108.785795,
              34.311021
            ],
            [
              108.785779,
              34.310744
            ]
          ],
          [
            [
              109.007729,
              34.376011
            ],
            [
              109.006562,
              34.375972
            ],
            [
              109.006348,
              34.375965
            ],
            [
              109.007729,
              34.376011
            ]
          ],
          [
            [
              108.812124,
              34.317377
            ],
            [
              108.812161,
              34.316218
            ],
            [
              108.812155,
              34.316396
            ],
            [
              108.812124,
              34.317377
            ]
          ],
          [
            [
              108.816018,
              34.361342
            ],
            [
              108.81958,
              34.358995
            ],
            [
              108.819366,
              34.359136
            ],
            [
              108.816018,
              34.361342
            ]
          ],
          [
            [
              108.829249,
              34.319098
            ],
            [
              108.830566,
              34.319103
            ],
            [
              108.830352,
              34.319102
            ],
            [
              108.829249,
              34.319098
            ]
          ],
          [
            [
              108.839761,
              34.373525
            ],
            [
              108.841338,
              34.374336
            ],
            [
              108.841553,
              34.374446
            ],
            [
              108.839761,
              34.373525
            ]
          ],
          [
            [
              108.840284,
              34.337645
            ],
            [
              108.841471,
              34.33455
            ],
            [
              108.841338,
              34.334896
            ],
            [
              108.840284,
              34.337645
            ]
          ],
          [
            [
              108.840472,
              34.318505
            ],
            [
              108.841553,
              34.318518
            ],
            [
              108.841338,
              34.318515
            ],
            [
              108.840472,
              34.318505
            ]
          ],
          [
            [
              108.841553,
              34.374446
            ],
            [
              108.841767,
              34.374556
            ],
            [
              108.842178,
              34.374765
            ],
            [
              108.841553,
              34.374446
            ]
          ],
          [
            [
              108.841706,
              34.318518
            ],
            [
              108.841797,
              34.318542
            ],
            [
              108.841767,
              34.318534
            ],
            [
              108.841706,
              34.318518
            ]
          ],
          [
            [
              108.842443,
              34.316218
            ],
            [
              108.842674,
              34.318695
            ],
            [
              108.84246,
              34.316396
            ],
            [
              108.842443,
              34.316218
            ]
          ],
          [
            [
              108.844568,
              34.354511
            ],
            [
              108.844726,
              34.352507
            ],
            [
              108.844712,
              34.352684
            ],
            [
              108.844568,
              34.354511
            ]
          ],
          [
            [
              108.844726,
              34.352507
            ],
            [
              108.845032,
              34.348744
            ],
            [
              108.84474,
              34.35233
            ],
            [
              108.844726,
              34.352507
            ]
          ],
          [
            [
              108.852539,
              34.313837
            ],
            [
              108.853548,
              34.313777
            ],
            [
              108.852754,
              34.313824
            ],
            [
              108.852539,
              34.313837
            ]
          ],
          [
            [
              108.852539,
              34.3778
            ],
            [
              108.852754,
              34.377861
            ],
            [
              108.854591,
              34.37838
            ],
            [
              108.852539,
              34.3778
            ]
          ],
          [
            [
              108.873994,
              34.353286
            ],
            [
              108.874247,
              34.352684
            ],
            [
              108.874297,
              34.352564
            ],
            [
              108.873994,
              34.353286
            ]
          ],
          [
            [
              108.873994,
              34.353286
            ],
            [
              108.874512,
              34.35337
            ],
            [
              108.874297,
              34.353335
            ],
            [
              108.873994,
              34.353286
            ]
          ],
          [
            [
              108.885498,
              34.369215
            ],
            [
              108.885729,
              34.369416
            ],
            [
              108.885713,
              34.369402
            ],
            [
              108.885498,
              34.369215
            ]
          ],
          [
            [
              108.885715,
              34.325292
            ],
            [
              108.885717,
              34.325115
            ],
            [
              108.885734,
              34.323161
            ],
            [
              108.885715,
              34.325292
            ]
          ],
          [
            [
              108.905344,
              34.395475
            ],
            [
              108.907256,
              34.395612
            ],
            [
              108.907471,
              34.395627
            ],
            [
              108.905344,
              34.395475
            ]
          ],
          [
            [
              108.91533,
              34.370645
            ],
            [
              108.917617,
              34.371566
            ],
            [
              108.91577,
              34.370822
            ],
            [
              108.91533,
              34.370645
            ]
          ],
          [
            [
              108.917494,
              34.375004
            ],
            [
              108.918457,
              34.374896
            ],
            [
              108.918242,
              34.37492
            ],
            [
              108.917494,
              34.375004
            ]
          ],
          [
            [
              108.918457,
              34.374896
            ],
            [
              108.919828,
              34.374734
            ],
            [
              108.918672,
              34.37487
            ],
            [
              108.918457,
              34.374896
            ]
          ],
          [
            [
              108.922606,
              34.320454
            ],
            [
              108.922613,
              34.320033
            ],
            [
              108.92262,
              34.319586
            ],
            [
              108.922606,
              34.320454
            ]
          ],
          [
            [
              108.925624,
              34.370791
            ],
            [
              108.929138,
              34.371418
            ],
            [
              108.925798,
              34.370822
            ],
            [
              108.925624,
              34.370791
            ]
          ],
          [
            [
              108.92888,
              34.379713
            ],
            [
              108.928926,
              34.379947
            ],
            [
              108.928915,
              34.37989
            ],
            [
              108.92888,
              34.379713
            ]
          ],
          [
            [
              108.929138,
              34.371418
            ],
            [
              108.929443,
              34.371484
            ],
            [
              108.929229,
              34.371437
            ],
            [
              108.929138,
              34.371418
            ]
          ],
          [
            [
              108.92914,
              34.380383
            ],
            [
              108.929231,
              34.380556
            ],
            [
              108.929229,
              34.380551
            ],
            [
              108.92914,
              34.380383
            ]
          ],
          [
            [
              108.929443,
              34.371484
            ],
            [
              108.934387,
              34.372542
            ],
            [
              108.929658,
              34.37153
            ],
            [
              108.929443,
              34.371484
            ]
          ],
          [
            [
              108.930122,
              34.309949
            ],
            [
              108.930205,
              34.307321
            ],
            [
              108.930208,
              34.307226
            ],
            [
              108.930122,
              34.309949
            ]
          ],
          [
            [
              108.935658,
              34.3864
            ],
            [
              108.938415,
              34.388779
            ],
            [
              108.93821,
              34.388602
            ],
            [
              108.935658,
              34.3864
            ]
          ],
          [
            [
              108.938415,
              34.388779
            ],
            [
              108.93926,
              34.389507
            ],
            [
              108.938621,
              34.388956
            ],
            [
              108.938415,
              34.388779
            ]
          ],
          [
            [
              108.940207,
              34.353105
            ],
            [
              108.940408,
              34.353118
            ],
            [
              108.940215,
              34.353105
            ],
            [
              108.940207,
              34.353105
            ]
          ],
          [
            [
              108.94043,
              34.366013
            ],
            [
              108.940644,
              34.366009
            ],
            [
              108.943841,
              34.365949
            ],
            [
              108.94043,
              34.366013
            ]
          ],
          [
            [
              108.940644,
              34.346549
            ],
            [
              108.940811,
              34.346891
            ],
            [
              108.940894,
              34.347059
            ],
            [
              108.940644,
              34.346549
            ]
          ],
          [
            [
              108.942519,
              34.393892
            ],
            [
              108.944547,
              34.3964
            ],
            [
              108.944576,
              34.396435
            ],
            [
              108.942519,
              34.393892
            ]
          ],
          [
            [
              108.943718,
              34.366899
            ],
            [
              108.94385,
              34.365903
            ],
            [
              108.943841,
              34.365949
            ],
            [
              108.943718,
              34.366899
            ]
          ],
          [
            [
              108.944182,
              34.397845
            ],
            [
              108.944232,
              34.397668
            ],
            [
              108.944389,
              34.397112
            ],
            [
              108.944182,
              34.397845
            ]
          ],
          [
            [
              108.946076,
              34.316218
            ],
            [
              108.94608,
              34.316041
            ],
            [
              108.946086,
              34.315724
            ],
            [
              108.946076,
              34.316218
            ]
          ],
          [
            [
              108.948927,
              34.306723
            ],
            [
              108.948934,
              34.307009
            ],
            [
              108.948933,
              34.306967
            ],
            [
              108.948927,
              34.306723
            ]
          ],
          [
            [
              108.94894,
              34.307144
            ],
            [
              108.949077,
              34.311451
            ],
            [
              108.948946,
              34.307321
            ],
            [
              108.94894,
              34.307144
            ]
          ],
          [
            [
              108.949233,
              34.31535
            ],
            [
              108.951201,
              34.31536
            ],
            [
              108.951416,
              34.315361
            ],
            [
              108.949233,
              34.31535
            ]
          ],
          [
            [
              108.951416,
              34.315361
            ],
            [
              108.951631,
              34.315362
            ],
            [
              108.955748,
              34.315379
            ],
            [
              108.951416,
              34.315361
            ]
          ],
          [
            [
              108.951416,
              34.366135
            ],
            [
              108.952454,
              34.366252
            ],
            [
              108.951631,
              34.366159
            ],
            [
              108.951416,
              34.366135
            ]
          ],
          [
            [
              108.966369,
              34.425036
            ],
            [
              108.967035,
              34.421127
            ],
            [
              108.966399,
              34.424859
            ],
            [
              108.966369,
              34.425036
            ]
          ],
          [
            [
              108.968024,
              34.415973
            ],
            [
              108.969049,
              34.41255
            ],
            [
              108.968077,
              34.415796
            ],
            [
              108.968024,
              34.415973
            ]
          ],
          [
            [
              108.969717,
              34.390178
            ],
            [
              108.969902,
              34.388779
            ],
            [
              108.969878,
              34.388956
            ],
            [
              108.969717,
              34.390178
            ]
          ],
          [
            [
              108.973102,
              34.352347
            ],
            [
              108.973103,
              34.35233
            ],
            [
              108.973118,
              34.352046
            ],
            [
              108.973102,
              34.352347
            ]
          ],
          [
            [
              108.97359,
              34.320968
            ],
            [
              108.973737,
              34.32064
            ],
            [
              108.973603,
              34.320938
            ],
            [
              108.97359,
              34.320968
            ]
          ],
          [
            [
              108.982771,
              34.370645
            ],
            [
              108.983055,
              34.371794
            ],
            [
              108.982815,
              34.370822
            ],
            [
              108.982771,
              34.370645
            ]
          ],
          [
            [
              108.98389,
              34.323037
            ],
            [
              108.984166,
              34.323032
            ],
            [
              108.98416,
              34.323032
            ],
            [
              108.98389,
              34.323037
            ]
          ],
          [
            [
              108.984008,
              34.301605
            ],
            [
              108.984375,
              34.301594
            ],
            [
              108.98416,
              34.3016
            ],
            [
              108.984008,
              34.301605
            ]
          ],
          [
            [
              108.990748,
              34.316128
            ],
            [
              108.990751,
              34.316218
            ],
            [
              108.990751,
              34.316176
            ],
            [
              108.990748,
              34.316128
            ]
          ],
          [
            [
              108.990751,
              34.316218
            ],
            [
              108.990758,
              34.316396
            ],
            [
              108.990858,
              34.318637
            ],
            [
              108.990751,
              34.316218
            ]
          ],
          [
            [
              108.995361,
              34.377136
            ],
            [
              108.996182,
              34.376644
            ],
            [
              108.995576,
              34.377007
            ],
            [
              108.995361,
              34.377136
            ]
          ],
          [
            [
              109.003969,
              34.324924
            ],
            [
              109.006179,
              34.324716
            ],
            [
              109.006133,
              34.32472
            ],
            [
              109.003969,
              34.324924
            ]
          ]
        ]
      }
    }
  ],
  "_bbox": [
    108.785779,
    34.247295,
    109.040345,
    34.437518
  ]
}